Класс,Подкласс 1,Подкласс 2,Подкласс 3,Тип (%%),Наименование,Определение,Источник,Критерии определения подклассов,Код класса по ОКПДТР,Примеры,Примечания,Синонимы,УИН
A,,,,,Служащий,"Работники, которые по характеру своей деятельности действуют в соответствии с принятыми в компании стандартами, правилами и процедурами, регламентами, методиками выполнения того или иного вида работ, обеспечивающие и обслуживающие деятельность руководителей при выработке и реализации ими управленческих решений, выполняющие административно-управленческие функции",Постановление Минтруда России от 21.08.1998 N 37,По группе должностей,,,,,KSI190000002
,AA,,,,Руководитель,"Человек, в трудовые функции которого входит участие в системе управления и в подчинении которого находятся один или более работников, работающих или иных физических лиц",Постановление Минтруда России от 21.08.1998 N 37,По должности,,,,,KSI190000003
,,AAA,,,Директор организации,,,,,,,,KSI190000004
,,,,AAA010,Генеральный директор,,Постановление Госстандарта РФ от 26.12.1994 N 367,,20560,,,,KSI190000005
,,,,AAA020,Директор,,Постановление Госстандарта РФ от 26.12.1994 N 367,,21447,"Управляющий директор
Финансовый директор
Директор по персоналу
Директор по науке",,,KSI190000006
,,AAB,,,Главный бухгалтер,,Постановление Госстандарта РФ от 26.12.1994 N 367,,20656,,,,KSI190000007
,,AAC,,,Главный градостроитель,,Приказ Минздравсоцразвития России от 23.04.2008 N 188,,,,,,KSI190000008
,,,,AAC010,"Главный градостроитель (субъекта Российской Федерации, муниципального образования)",,Приказ Минздравсоцразвития России от 23.04.2008 N 188,,,,,,KSI190000009
,,,,AAC020,Главный градостроитель в организации,,Приказ Минздравсоцразвития России от 23.04.2008 N 188,,,,,,KSI190000010
,,,,AAC030,Главный градостроитель проекта,,Приказ Минздравсоцразвития России от 23.04.2008 N 188 ,,,,,,KSI190000011
,,AAD,,,Главный архитектор,,Постановление Госстандарта РФ от 26.12.1994 N 367,,20638,,,,KSI190000012
,,,,AAD010,Главный ландшафтный архитектор проекта,,Постановление Госстандарта РФ от 26.12.1994 N 367,,20798,,,,KSI190000013
,,,,AAD020,Главный архитектор проекта,,Постановление Госстандарта РФ от 26.12.1994 N 367,,20641,,,,KSI190000014
,,AAE,,,Заведующий,,Постановление Минтруда России от 21.08.1998 N 37,,,,,,KSI190000015
,,,,AAE010,Заведующий конструкторским отделом,,Постановление Минтруда России от 21.08.1998 N 37,,,,,,KSI190000016
,,,,AAE020,Заведующий отделом (бюро) оформления проектных материалов,,Постановление Минтруда России от 21.08.1998 N 37,,,,,,KSI190000017
,,,,AAE030,Заведующий чертежно-копировальным бюро,,Постановление Госстандарта РФ от 26.12.1994 N 367,,21924,,,,KSI190000018
,,AAF,,,Начальник,,Постановление Минтруда России от 21.08.1998 N 37,,,,,,KSI190000019
,,,,AAF010,Начальник отдела,,Постановление Госстандарта РФ от 26.12.1994 N 367,,24681,"Начальник юридического отдела
Начальник отдела кадров
Начальник отдела капитального строительства
Начальник отдела автоматизации и механизации производственных процессов
Начальник отдела комплектации оборудования
Начальник отдела контроля качества
Начальник производственно-технического отдела
Начальник отдела дорожных сооружений
Начальник отдела имущественных отношений
Начальник отдела организации работ по безопасности дорожного движения
Начальник отдела организации работ по содержанию и сохранности автомобильных дорог
Начальник отдела подготовки строительства
Начальник отдела развития и ремонта автомобильных дорог
Начальник отдела размещения государственных заказов
Начальник отдела изысканий (комплексного или по видам изысканий)",,,KSI190000020
,,,,AAF020,Начальник сектора (лаборатории),,Постановление Госстандарта РФ от 26.12.1994 N 367,,24597,,,,KSI190000021
,,,,AAF030,Начальник службы,,Постановление Госстандарта РФ от 26.12.1994 N 367,,24923,Начальник службы качества строительной лаборатории,,,KSI190000022
,,,,AAF040,Начальник участка,,Постановление Госстандарта РФ от 26.12.1994 N 367,,25081,,,,KSI190000023
,,AAG,,,Руководитель группы специалистов,,Постановление Госстандарта РФ от 26.12.1994 N 367,,26151,,,,KSI190000024
,,,,AAG010,Руководитель группы по инвентаризации строений и сооружений,,Постановление Госстандарта РФ от 26.12.1994 N 367,,26154,,,,KSI190000025
,,,,AAG020,Руководитель строительной лаборатории,,Постановление Госстандарта РФ от 26.12.1994 N 367,,44490,,,,KSI190000026
,,,,AAG030,Руководитель экспертной группы,,Постановление Минтруда России от 21.08.1998 N 37,,,,,,KSI190000027
,,,,AAG040,Руководитель проектной группы,,Постановление Госстандарта РФ от 26.12.1994 N 367,,44490,,,,KSI190000028
,,AAH,,,Главный инженер,,Постановление Госстандарта РФ от 26.12.1994 N 367,,40759,,,,KSI190000029
,,,,AAH010,Главный инженер строительной организации,,Приказ Минздравсоцразвития России от 23.04.2008 N 188,,,,,,KSI190000030
,,,,AAH020,Главный инженер проекта,"Первый заместитель управляющего проектом, который осуществляет связь инвестиционного строительного проекта (ИСП) с рынком проектных и инженерных услуг и с органами экспертизы, надзора и контроля хода реализации ИСП","Постановление Минтруда России от 21.08.1998 N 37
Приказ Минздравсоцразвития России от 23.04.2008 N 188
Постановление Госстандарта РФ от 26.12.1994 N 367",,20760,,Определение синтезировано,,KSI190000031
,,AAJ,,,BIM-менеджер,"Лицо, ответственное за процесс информационного моделирования в рамках проекта информационного моделирования",Приказ Минтруда России от 15.06.2020 N 328н ,,,,Определение синтезировано,,KSI190000032
,,AAK,,,BIM-координатор,"Специалист ведущего отдела, отвечающий за BIM-модель и общую координацию проекта",Приказ Минтруда России от 15.06.2020 N 328н ,,,,Определение синтезировано,,KSI190000033
,,AAL,,,Менеджер строительства,,"Постановление Госстандарта РФ от 26.12.1994 N 367
Приказ Минтруда России от 24.07.2018 N 483н ",,24050,,,,KSI190000034
,,AAM,,,Менеджер проекта,,Постановление Минтруда России от 21.08.1998 N 37,,,,,,KSI190000035
,,AAN,,,Главный технолог строительной организации,,"Приказ Минздравсоцразвития России от 23.04.2008 N 188 
",,,,,,KSI190000036
,,AAP,,,Главный механик строительной организации,,Постановление Госстандарта РФ от 26.12.1994 N 367,,20818,,,,KSI190000037
,,AAQ,,,Главный энергетик строительной организации,,Постановление Госстандарта РФ от 26.12.1994 N 367,,21044,,,,KSI190000038
,,AAR,,,Главный конструктор проекта,,Постановление Госстандарта РФ от 26.12.1994 N 367,,20783,,,,KSI190000039
,,AAS,,,Главный метролог,,Постановление Госстандарта РФ от 26.12.1994 N 367,,20811,,,,KSI190000040
,,AAT,,,Заместитель директора по капитальному строительству,,Постановление Госстандарта РФ от 26.12.1994 N 367,,21480,,,,KSI190000041
,,AAU,,,Производитель работ (прораб),"Руководитель среднего звена, осуществляющий руководство строительством на своем участке, обеспечивающий выполнение заданий по вводу объектов в эксплуатацию в установленные сроки, организующий производство, обеспечивающий соблюдение технологии производства, ведущий учет выполненных работ, оформляющий техническую документацию, участвующий в сдаче объектов в эксплуатацию, устанавливающий производственные задания по объемам строительно-монтажных и пусконаладочных работ, контролирующий их выполнение, в том числе в процессе эксплуатации объектов",Постановление Госстандарта РФ от 26.12.1994 N 367,,25864,,,,KSI190000042
,,AAV,,,Мастер участка,,Постановление Госстандарта РФ от 26.12.1994 N 367,,23998,,,,KSI190000043
,,AAW,,,Менеджер по информационным технологиям,,ГОСТ Р 10.0.05–2019,,,,,,KSI190000044
,,AAX,,,Менеджер по эксплуатации недвижимости,,ГОСТ Р 10.0.05–2019,,,,,,KSI190000045
,AB,,,,Специалист,"Человек, в трудовые функции которого входит участие в системе управления, но не имеющий в подчинении ни одного работника, работающего или иного физического лица",Постановление Минтруда России от 21.08.1998 N 37,По должности,,,,,KSI190000046
,,ABA,,,Бухгалтер,,Постановление Госстандарта РФ от 26.12.1994 N 367,, 20336,,,,KSI190000047
,,ABB,,,Юрисконсульт,,Постановление Госстандарта РФ от 26.12.1994 N 367,,27931,,,,KSI190000048
,,ABC,,,Документовед,,Постановление Госстандарта РФ от 26.12.1994 N 367,,21792,,,,KSI190000049
,,ABD,,,Специалист по кадрам,,Постановление Минтруда России от 21.08.1998 N 37,,,,,,KSI190000050
,,ABE,,,Специалист инженерного обеспечения территорий,,Приказ Минздравсоцразвития России от 23.04.2008 N 188,,26583,,,,KSI190000051
,,ABF,,,Специалист транспортного развития территорий,,Постановление Минтруда России от 21.08.1998 N 37,,,,,,KSI190000052
,,ABG,,,Инженер организации,"Специалист, профессионально занимающийся инженерным делом",Постановление Минтруда России от 21.08.1998 N 37,,,,,,KSI190000053
,,,,ABG010,Инженер по охране труда,,Постановление Госстандарта РФ от 26.12.1994 N 367,,22659,,,,KSI190000054
,,,,ABG020,Инженер,,Постановление Минтруда России от 21.08.1998 N 37,,,,,,KSI190000055
,,,,ABG030,Инженер по подготовке кадров,,Постановление Госстандарта РФ от 26.12.1994 N 367,,22675,,,,KSI190000056
,,,,ABG040,Инженер-технолог строительной организации,,Приказ Минздравсоцразвития России от 23.04.2008 N 188,,,,,,KSI190000057
,,,,ABG050,Инженер-конструктор,,Постановление Госстандарта РФ от 26.12.1994 N 367,,22491,,,,KSI190000058
,,,,ABG060,Инженер-проектировщик,,Постановление Госстандарта РФ от 26.12.1994 N 367,,22827,,,,KSI190000059
,,,,ABG070,Инженер по качеству,,Постановление Госстандарта РФ от 26.12.1994 N 367,,22583,,,,KSI190000060
,,,,ABG080,Инженер по строительному контролю,,Приказ Минздравсоцразвития России от 23.04.2008 N 188,,,,,,KSI190000061
,,,,ABG090,Инженер строительной лаборатории,,Постановление Госстандарта РФ от 26.12.1994 N 367,,42499,,,,KSI190000062
,,,,ABG100,Инженер-сметчик,,Постановление Госстандарта РФ от 26.12.1994 N 367,,22696,,,,KSI190000063
,,ABJ,,,Архитектор,"Специалист в области архитектуры, создающий здания и комплексы зданий, а также города в соответствии с функциональными, конструктивными и эстетическими ",Постановление Госстандарта РФ от 26.12.1994 N 367,,20196,,,,KSI190000064
,,,,ABJ010,Ландшафтный архитектор,,Постановление Госстандарта РФ от 26.12.1994 N 367,,23705,,,,KSI190000065
,,,,ABJ020,Архитектор организации,,Постановление Минтруда России от 21.08.1998 N 37,,,,,,KSI190000066
,,ABK,,,Градостроитель проекта,,Приказ Минздравсоцразвития России от 23.04.2008 N 188,,,,,,KSI190000067
,,ABL,,,Эксперт,,Постановление Госстандарта РФ от 26.12.1994 N 367,,27779,,,,KSI190000068
,,,,ABL010,Строительный эксперт,,Постановление Минтруда России от 21.08.1998 N 37,,,,,,KSI190000069
,,,,ABL020,Эксперт-эколог градостроительства,,Постановление Минтруда России от 21.08.1998 N 37,,,,,,KSI190000070
,,,,ABL030,Эколог градостроительства,,Постановление Минтруда России от 21.08.1998 N 37,,,,,,KSI190000071
,,,,ABL040,Эксперт-социолог градостроительства,,Постановление Минтруда России от 21.08.1998 N 37,,,,,,KSI190000072
,,,,ABL050,Эксперт транспортного развития территорий,,Постановление Минтруда России от 21.08.1998 N 37,,,,,,KSI190000073
,,,,ABL060,Эксперт-экономист градостроительства,,Постановление Минтруда России от 21.08.1998 N 37,,,,,,KSI190000074
,,,,ABL070,Эксперт инженерного обеспечения территории,,Постановление Минтруда России от 21.08.1998 N 37,,,,,,KSI190000075
,,ABM,,,Социолог градостроительства,,Постановление Минтруда России от 21.08.1998 N 37,,,,,,KSI190000076
,,ABN,,,Экономист градостроительства,,Постановление Минтруда России от 21.08.1998 N 37,,,,,,KSI190000077
,,ABP,,,Механик,,Постановление Госстандарта РФ от 26.12.1994 N 367,,24110,,,,KSI190000078
,,ABQ,,,Главный специалист,,Постановление Госстандарта РФ от 26.12.1994 N 367,,20889,,,,KSI190000079
,,,,ABQ010,Главный специалист в отделе (архитектурно-планировочной мастерской),,"Постановление Минтруда России от 21.08.1998 N 37
Приказ Минздравсоцразвития России от 23.04.2008 N 188",,,,,,KSI190000080
,,,,ABQ020,Главный специалист в отделе инженерных изысканий,,Приказ Минздравсоцразвития России от 23.04.2008 N 188,,,,,,KSI190000081
,,ABR,,,Техник,,Постановление Госстандарта РФ от 26.12.1994 N 367,,26927,,,,KSI190000082
,,,,ABR010,Техник организации,,Постановление Минтруда России от 21.08.1998 N 37,,,,,,KSI190000083
,,,,ABR020,Техник-проектировщик,,Постановление Госстандарта РФ от 26.12.1994 N 367,,27102,,,,KSI190000084
,,ABS,,,Ведущий инженер отдела (комплексного или по видам инженерных изысканий),,Приказ Минздравсоцразвития России от 23.04.2008 N 188,,,,,,KSI190000085
,,ABT,,,Лаборант,,Постановление Госстандарта РФ от 26.12.1994 N 367,,23690,,,,KSI190000086
,,ABU,,,Буровой мастер,,Постановление Госстандарта РФ от 26.12.1994 N 367,,23806,,,,KSI190000087
,,ABV,,,Топограф,,Постановление Госстандарта РФ от 26.12.1994 N 367,,27159,,,,KSI190000088
,,ABW,,,Старший топограф,,Постановление Госстандарта РФ от 26.12.1994 N 367,,27159,,,,KSI190000089
,AC,,,,Технический исполнитель,,Постановление Минтруда России от 21.08.1998 N 37,,,,,,KSI190000090
,,ACA,,,Агент,,Постановление Минтруда России от 21.08.1998 N 37,,,,,,KSI190000091
,,,,ACA010,Агент по продаже недвижимости,,Постановление Госстандарта РФ от 26.12.1994 N 367,,20026,,,,KSI190000092
,,,,ACA020,Агент по снабжению,,Постановление Госстандарта РФ от 26.12.1994 N 367,,20031,,,,KSI190000093
,,,,ACA030,Агент по операциям с недвижимостью,,ГОСТ Р 10.0.05–2019,,,,,,KSI190000094
,,,,ACA040,Агент по сдаче в эксплуатацию,,ГОСТ Р 10.0.05–2019,,,,,,KSI190000095
,,ACB,,,Делопроизводитель,,Постановление Госстандарта РФ от 26.12.1994 N 367,,21299,,,,KSI190000096
,,ACC,,,Секретарь руководителя,,Постановление Госстандарта РФ от 26.12.1994 N 367,,26341,,,,KSI190000097
,,ACD,,,Чертежник,,Постановление Госстандарта РФ от 26.12.1994 N 367,,27530,,,,KSI190000098
B,,,,,Рабочий,"Производственный персонал, выполняющий одно или более производственных заданий, обеспечивающих достижение поставленной цели в производственной системе",Единый тарифно-квалификационный справочник работ и профессий рабочих,По специальности,,,,,KSI190000099
,BA,,,,Рабочий земляных работ,,,По специализации,,,,,KSI190000100
,,BAA,,,Землекоп,,Постановление Госстандарта РФ от 26.12.1994 N 367,,12266,,,,KSI190000101
,,BAB,,,Рабочий карты намыва,,Постановление Госстандарта РФ от 26.12.1994 N 367,,17532,,,,KSI190000102
,,BAC,,,Рабочий зеленого строительства,,Постановление Госстандарта РФ от 26.12.1994 N 367,,17530,,,,KSI190000103
,,BAD,,,Проходчик на поверхностных работах,,Постановление Госстандарта РФ от 26.12.1994 N 367,,17495,,,,KSI190000104
,BB,,,,Рабочий по производству и укладке бетонных смесей и растворов,,,По специализации,,,,,KSI190000105
,,BBA,,,Бетонщик,,Постановление Госстандарта РФ от 26.12.1994 N 367,,11196,,,,KSI190000106
,,BBB,,,Цементатор,,Постановление Госстандарта РФ от 26.12.1994 N 367,,19526,,,,KSI190000107
,,BBC,,,Известегасильщик,,Постановление Госстандарта РФ от 26.12.1994 N 367,,12282,,,,KSI190000108
,BC,,,,Рабочий по устройству каменных конструкций,,,По специализации,,,,,KSI190000109
,,BCA,,,Каменщик,,Постановление Госстандарта РФ от 26.12.1994 N 367,,12680,,,,KSI190000110
,,BCB,,,Печник,,Постановление Госстандарта РФ от 26.12.1994 N 367,,16600,,,,KSI190000111
,BD,,,,Рабочий управляющий машинами и механизмами,,Единый тарифно-квалификационный справочник работ и профессий рабочих,По специализации,,,,,KSI190000112
,,BDA,,,Копровщик,,Постановление Госстандарта РФ от 26.12.1994 N 367,,13121,,,,KSI190000113
,,BDB,,,Бункеровщик,,Постановление Госстандарта РФ от 26.12.1994 N 367,,11289,,,,KSI190000114
,,BDC,,,Лебедчик,,Постановление Госстандарта РФ от 26.12.1994 N 367,,13361,,,,KSI190000115
,,BDD,,,Водитель,,Постановление Госстандарта РФ от 26.12.1994 N 367,,11442,,,,KSI190000116
,,,,BDD010,Водитель вездехода,,Постановление Госстандарта РФ от 26.12.1994 N 367,,11447,,,,KSI190000117
,,,,BDD020,Водитель погрузчика,,Постановление Госстандарта РФ от 26.12.1994 N 367,,11453,,,,KSI190000118
,,BDE,,,Машинист,,Единый тарифно-квалификационный справочник работ и профессий рабочих,По виду машины,,,,,KSI190000119
,,,BDEA,,Машинист землеройной машины,,Постановление Госстандарта РФ от 26.12.1994 N 367,,13734,,,,KSI190000120
,,,,BDEA010,Машинист экскаватора,,Постановление Госстандарта РФ от 26.12.1994 N 367,,14388,,,,KSI190000121
,,,,BDEA020,Машинист дренажной машины,,Постановление Госстандарта РФ от 26.12.1994 N 367,,13706,,,,KSI190000122
,,,,BDEA030,Машинист землеройно-фрезерной самоходной машины,,Постановление Госстандарта РФ от 26.12.1994 N 367,,13734,,,,KSI190000123
,,,,BDEA040,Машинист автогрейдера,,Постановление Госстандарта РФ от 26.12.1994 N 367,,13509,,,,KSI190000124
,,,,BDEA050,Машинист автоямобура,,Постановление Госстандарта РФ от 26.12.1994 N 367,,13532,,,,KSI190000125
,,,,BDEA060,Машинист бульдозера,,Постановление Госстандарта РФ от 26.12.1994 N 367,,13583,,,,KSI190000126
,,,,BDEA070,Машинист гидромониторно-эжекторного плавучего несамоходного снаряда,,Постановление Госстандарта РФ от 26.12.1994 N 367,,13662,,,,KSI190000127
,,,,BDEA080,Машинист грейдера прицепного,,Постановление Госстандарта РФ от 26.12.1994 N 367,,13681,,,,KSI190000128
,,,,BDEA090,Машинист грейдер-элеватора,,Постановление Госстандарта РФ от 26.12.1994 N 367,,13683,,,,KSI190000129
,,,,BDEA100,Машинист землесосного плавучего несамоходного снаряда,,Постановление Госстандарта РФ от 26.12.1994 N 367,,13736,,,,KSI190000130
,,,,BDEA110,Машинист скрепера,,Постановление Госстандарта РФ от 26.12.1994 N 367,,14184,,,,KSI190000131
,,,BDEB,,Машинист машины для устройства свайного фундамента,,Единый тарифно-квалификационный справочник работ и профессий рабочих,,,,,,KSI190000132
,,,,BDEB010,Машинист вибровдавливающего погружателя свай самоходного,,Постановление Госстандарта РФ от 26.12.1994 N 367,,13620,,,,KSI190000133
,,,,BDEB020,Машинист вибропогружателя бескопрового,,Постановление Госстандарта РФ от 26.12.1994 N 367,,13622,,,,KSI190000134
,,,,BDEB030,Машинист копра,,Постановление Госстандарта РФ от 26.12.1994 N 367,,13783,,,,KSI190000135
,,,,BDEB040,Машинист дизель-молота бескопрового,,Постановление Госстандарта РФ от 26.12.1994 N 367,,13694,,,,KSI190000136
,,,BDEC,,Машинист подъемной машины,,Постановление Госстандарта РФ от 26.12.1994 N 367,,14021,,,,KSI190000137
,,,,BDEC010,Машинист автовышки и автогидроподъемника,,Постановление Госстандарта РФ от 26.12.1994 N 367,,13507,,,,KSI190000138
,,,,BDEC020,Машинист крана автомобильного,,Постановление Госстандарта РФ от 26.12.1994 N 367,,13788,,,,KSI190000139
,,,,BDEC030,Машинист подъемника строительного,,Единый тарифно-квалификационный справочник работ и профессий рабочих,,,,,,KSI190000140
,,,,BDEC040,Машинист крана (крановщик),,Постановление Госстандарта РФ от 26.12.1994 N 367,,13790,,,,KSI190000141
,,,,BDEC050,Машинист подъемно-передвижных подмостей,,Постановление Госстандарта РФ от 26.12.1994 N 367,,14023,,,,KSI190000142
,,,BDED,,Машинист машины по производству и укладке бетонной смеси,,Единый тарифно-квалификационный справочник работ и профессий рабочих,,,,,,KSI190000143
,,,,BDED010,Машинист автобетононасоса,,Постановление Госстандарта РФ от 26.12.1994 N 367,,13505,,,,KSI190000144
,,,,BDED020,Машинист бетоносмесителя передвижного,,Постановление Госстандарта РФ от 26.12.1994 N 367,,13564,,,,KSI190000145
,,,,BDED030,Машинист бетоноукладчика,,Постановление Госстандарта РФ от 26.12.1994 N 367,,13565,,,,KSI190000146
,,,,BDED040,Машинист распределителя цемента аэрационного самоходного,,Постановление Госстандарта РФ от 26.12.1994 N 367,,14114,,,,KSI190000147
,,,,BDED050,Машинист распределителя цемента гравитационного прицепного,,Постановление Госстандарта РФ от 26.12.1994 N 367,,14115,,,,KSI190000148
,,,,BDED060,Машинист растворонасоса,,Постановление Госстандарта РФ от 26.12.1994 N 367,,14117,,,,KSI190000149
,,,,BDED070,Машинист растворосмесителя передвижного,,Постановление Госстандарта РФ от 26.12.1994 N 367,,14119,,,,KSI190000150
,,,BDEE,,Машинист погрузочно-разгрузочной машины,,Единый тарифно-квалификационный справочник работ и профессий рабочих,,,,,,KSI190000151
,,,,BDEE010,Машинист автомобилеразгрузчика,,Постановление Госстандарта РФ от 26.12.1994 N 367,,13527,,,,KSI190000152
,,,,BDEE020,Машинист вагоноопрокидывателя,,Постановление Госстандарта РФ от 26.12.1994 N 367,,13598,,,,KSI190000153
,,,,BDEE030,Машинист перегружателя,,Постановление Госстандарта РФ от 26.12.1994 N 367,,13977,,,,KSI190000154
,,,BDEF,,Машинист машины дорожно-строительного комплекса,,Единый тарифно-квалификационный справочник работ и профессий рабочих,,,,,,KSI190000155
,,,,BDEF010,Машинист машины для укладки дорожных бордюров,,Единый тарифно-квалификационный справочник работ и профессий рабочих,,,,,,KSI190000156
,,,,BDEF020,Машинист машины для устройства защитных шероховатых слоев дорожных покрытий,,Единый тарифно-квалификационный справочник работ и профессий рабочих,,,,,,KSI190000157
,,,,BDEF030,Машинист машины для устройства укрепительных полос,,Постановление Госстандарта РФ от 26.12.1994 N 367,,13860,,,,KSI190000158
,,,,BDEF040,Машинист машины для устройства швов при выполнении дорожных работ,,Постановление Госстандарта РФ от 26.12.1994 N 367,,13862,,,,KSI190000159
,,,,BDEF050,Машинист маркировочной машины для разметки автомобильных дорог,,Постановление Госстандарта РФ от 26.12.1994 N 367,,13832,,,,KSI190000160
,,,,BDEF060,Машинист уплотняющей и планировочно-уплотняющей машины,,Постановление Госстандарта РФ от 26.12.1994 N 367,,14291,,,,KSI190000161
,,,,BDEF070,Машинист автогудронатора,,Постановление Госстандарта РФ от 26.12.1994 N 367,,13511,,,,KSI190000162
,,,,BDEF080,Машинист планировщика,,Единый тарифно-квалификационный справочник работ и профессий рабочих,,,,,,KSI190000163
,,,,BDEF090,Машинист профилировщика,,Постановление Госстандарта РФ от 26.12.1994 N 367,,14082,,,,KSI190000164
,,,,BDEF100,Машинист катков самоходных и полуприцепных на пневматических шинах,,Постановление Госстандарта РФ от 26.12.1994 N 367,,13753,,,,KSI190000165
,,,,BDEF110,Машинист катка самоходного с гладкими вальцами,,Постановление Госстандарта РФ от 26.12.1994 N 367,,13755,,,,KSI190000166
,,,,BDEF120,Машинист смесителя асфальтобетона передвижного,,Постановление Госстандарта РФ от 26.12.1994 N 367,,14199,,,,KSI190000167
,,,,BDEF130,Машинист укладчика асфальтобетона,,Постановление Госстандарта РФ от 26.12.1994 N 367,,14288,,,,KSI190000168
,,,,BDEF140,Машинист фрезы дорожной,,Единый тарифно-квалификационный справочник работ и профессий рабочих,,,,,,KSI190000169
,,,,BDEF150,Машинист щебнераспределителя,,Единый тарифно-квалификационный справочник работ и профессий рабочих,,,,,,KSI190000170
,,,,BDEF160,Машинист ремиксера,,Единый тарифно-квалификационный справочник работ и профессий рабочих,,,,,,KSI190000171
,,,,BDEF170,Машинист ресайклера (холодного),,Единый тарифно-квалификационный справочник работ и профессий рабочих,,,,,,KSI190000172
,,,,BDEF180,Машинист финишера,,Постановление Госстандарта РФ от 26.12.1994 N 367,,14324,,,,KSI190000173
,,,,BDEF190,Машинист машины для нанесения пленкообразующей жидкости,,Постановление Госстандарта РФ от 26.12.1994 N 367,,13856,,,,KSI190000174
,,,,BDEF200,Машинист автобетонолома,,Постановление Госстандарта РФ от 26.12.1994 N 367,,13503,,,,KSI190000175
,,,,BDEF210,Машинист ледорезной машины,,Постановление Госстандарта РФ от 26.12.1994 N 367,,13817,,,,KSI190000176
,,,,BDEF220,Машинист заливщика швов,,Единый тарифно-квалификационный справочник работ и профессий рабочих,,,,,,KSI190000177
,,,,BDEF230,Машинист нарезчика швов самоходного,,Постановление Госстандарта РФ от 26.12.1994 N 367,,13904,,,,KSI190000178
,,,BDEG,,Машинист машины для строительства и ремонта трубопроводов,,Единый тарифно-квалификационный справочник работ и профессий рабочих,,,,,,KSI190000179
,,,,BDEG010,Машинист машины для изоляции газонефтепродуктопроводов,,Постановление Госстандарта РФ от 26.12.1994 N 367,,13853,,,,KSI190000180
,,,,BDEG020,Машинист трубоочистительной машины,,Постановление Госстандарта РФ от 26.12.1994 N 367,,14275,,,,KSI190000181
,,,,BDEG030,Машинист трубоукладчика,,Постановление Госстандарта РФ от 26.12.1994 N 367,,14277,,,,KSI190000182
,,,BDEH,,Машинист машины для общестроительных работ,,Единый тарифно-квалификационный справочник работ и профессий рабочих,,,,,,KSI190000183
,,,,BDEH010,Машинист бурильно-крановой самоходной машины,,Постановление Госстандарта РФ от 26.12.1994 N 367,,13589,,,,KSI190000184
,,,,BDEH020,Машинист автокомпрессора,,Постановление Госстандарта РФ от 26.12.1994 N 367,,13515,,,,KSI190000185
,,,,BDEH030,Машинист гидросеялки самоходной,,Постановление Госстандарта РФ от 26.12.1994 N 367,,13668,,,,KSI190000186
,,,,BDEH040,Машинист электролебедки,,Постановление Госстандарта РФ от 26.12.1994 N 367,,14407,,,,KSI190000187
,,,,BDEH050,Машинист электростанции передвижной,,Постановление Госстандарта РФ от 26.12.1994 N 367,,14413,,,,KSI190000188
,,,,BDEH060,Машинист газодувных машин,,Постановление Госстандарта РФ от 26.12.1994 N 367,,13652,,,,KSI190000189
,,,,BDEH070,Машинист двигателей внутреннего сгорания,,Постановление Госстандарта РФ от 26.12.1994 N 367,,13689 ,,,,KSI190000190
,,,,BDEH080,Машинист моечных машин,,Постановление Госстандарта РФ от 26.12.1994 N 367,,13891,,,,KSI190000191
,,,BDEJ,,Машинист компрессора,,Единый тарифно-квалификационный справочник работ и профессий рабочих,,,,,,KSI190000192
,,,,BDEJ010,Машинист компрессора для подачи воздуха водолазам,,Постановление Госстандарта РФ от 26.12.1994 N 367,,13769,,,,KSI190000193
,,,,BDEJ020,Машинист компрессора передвижного,,Постановление Госстандарта РФ от 26.12.1994 N 367,,13771,,,,KSI190000194
,,,BDEK,,Машинист оборудования,,Единый тарифно-квалификационный справочник работ и профессий рабочих,,,,,,KSI190000195
,,,,BDEK010,Машинист механизированного оборудования по подъему подвижной (скользящей) опалубки,,Постановление Госстандарта РФ от 26.12.1994 N 367,,13878,,,,KSI190000196
,,,,BDEK020,Машинист механического оборудования землесосных плавучих несамоходных снарядов и грунтонасосных установок,,Постановление Госстандарта РФ от 26.12.1994 N 367,,13884,,,,KSI190000197
,,,,BDEK030,Машинист механизированного натяжного устройства для изготовления напряженно- армированных конструкций,,Постановление Госстандарта РФ от 26.12.1994 N 367,,13876,,,,KSI190000198
,,,,BDEK040,Машинист электрического оборудования землесосных плавучих несамоходных снарядов и грунтонасосных установок,,Постановление Госстандарта РФ от 26.12.1994 N 367,,14397,,,,KSI190000199
,,,BDEL,,Машинист установки,,Единый тарифно-квалификационный справочник работ и профессий рабочих,,,,,,KSI190000200
,,,,BDEL010,Машинист вентиляционной и аспирационной установок,,Постановление Госстандарта РФ от 26.12.1994 N 367,,13616,,,,KSI190000201
,,,,BDEL020,Машинист воздухоразделительной установки,,Постановление Госстандарта РФ от 26.12.1994 N 367,,13631,,,,KSI190000202
,,,,BDEL030,Машинист компрессорной установки,,Постановление Госстандарта РФ от 26.12.1994 N 367,,13775,,,,KSI190000203
,,,,BDEL040,Машинист насосной установки,,Постановление Госстандарта РФ от 26.12.1994 N 367,,13910,,,,KSI190000204
,,,,BDEL050,Машинист баровой установки,,Постановление Госстандарта РФ от 26.12.1994 N 367,,13558,,,,KSI190000205
,,,,BDEL060,Машинист бетононасосной установки,,Постановление Госстандарта РФ от 26.12.1994 N 367,,13562,,,,KSI190000206
,,,,BDEL070,Машинист битумоплавильной передвижной установки,,Постановление Госстандарта РФ от 26.12.1994 N 367,,13569,,,,KSI190000207
,,,,BDEL080,Машинист вакуумной установки,,Постановление Госстандарта РФ от 26.12.1994 N 367,,13600,,,,KSI190000208
,,,,BDEL090,Машинист контактносварочной установки передвижной для сварки магистральных газонефтепродуктопроводов,,Постановление Госстандарта РФ от 26.12.1994 N 367,,13781,,,,KSI190000209
,,,,BDEL100,Машинист установки мобильной по сортировке и приготовлению минеральных материалов для устройства защитных слоев покрытия,,Единый тарифно-квалификационный справочник работ и профессий рабочих,,,,,,KSI190000210
,,,,BDEL110,Машинист установки передвижной автоматизированной непрерывного действия для приготовления бетонной смеси,,Постановление Госстандарта РФ от 26.12.1994 N 367,,14293,,,,KSI190000211
,,,,BDEL120,Машинист установки по продавливанию и горизонтальному бурению грунта,,Постановление Госстандарта РФ от 26.12.1994 N 367,,14303,,,,KSI190000212
,,,,BDEL130,Машинист холодильной установки,,Постановление Госстандарта РФ от 26.12.1994 N 367,,14341,,,,KSI190000213
,,,,BDEL140,Машинист холодильной установки по замораживанию грунтов,,Постановление Госстандарта РФ от 26.12.1994 N 367,,14339,,,,KSI190000214
,,,,BDEL150,Машинист трубогибочной установки передвижной,,Постановление Госстандарта РФ от 26.12.1994 N 367,,14273,,,,KSI190000215
,,,BDEM,,Машинист станции,,Постановление Госстандарта РФ от 26.12.1994 N 367,,"13560
13650
13654
13656
13830
13908
14016
14379
34217",,,,KSI190000216
,,,,BDEM010,Машинист малярной станции передвижной,,Постановление Госстандарта РФ от 26.12.1994 N 367,,13830,,,,KSI190000217
,,,,BDEM020,Машинист штукатурной станции передвижной,,Постановление Госстандарта РФ от 26.12.1994 N 367,,14379,,,,KSI190000218
,,,,BDEM030,Машинист газогенераторной станции,,Постановление Госстандарта РФ от 26.12.1994 N 367,,13650,,,,KSI190000219
,,,BDEN,,Машинист агрегата,,Единый тарифно-квалификационный справочник работ и профессий рабочих,,,,,,KSI190000220
,,,,BDEN010,Машинист агрегата безвоздушного распыления высокого давления,,Постановление Госстандарта РФ от 26.12.1994 N 367,,13534,,,,KSI190000221
,,,,BDEN020,"Машинист мобильного комплекса, оснащенного агрегатами для приготовления растворов и цементо- бетонных смесей",,Единый тарифно-квалификационный справочник работ и профессий рабочих,,,,,,KSI190000222
,,,,BDEN030,Машинист электросварочного передвижного агрегата с двигателем внутреннего сгорания,,Постановление Госстандарта РФ от 26.12.1994 N 367,,14411,,,,KSI190000223
,,BDF,,,Моторист,,Единый тарифно-квалификационный справочник работ и профессий рабочих,,,,,,KSI190000224
,,,,BDF010,Моторист механической лопаты,,Постановление Госстандарта РФ от 26.12.1994 N 367,,14720,,,,KSI190000225
,,,,BDF020,Моторист электродвигателей,,Постановление Госстандарта РФ от 26.12.1994 N 367,,14757,,,,KSI190000226
,,BDG,,,Оператор,,Единый тарифно-квалификационный справочник работ и профессий рабочих,,,,,,KSI190000227
,,,,BDG010,Оператор акустических испытаний,,Постановление Госстандарта РФ от 26.12.1994 N 367,,15503,,,,KSI190000228
,,,,BDG020,Оператор заправочных станций,,Постановление Госстандарта РФ от 26.12.1994 N 367,,15594,,,,KSI190000229
,,,,BDG030,Оператор механизированных и автоматизированных складов,,Постановление Госстандарта РФ от 26.12.1994 N 367,,15705,,,,KSI190000230
,,,,BDG040,Оператор осциллографирования и тензометрирования,,Постановление Госстандарта РФ от 26.12.1994 N 367,,15778,,,,KSI190000231
,,,,BDG050,Оператор платформы подъемной,,Единый тарифно-квалификационный справочник работ и профессий рабочих,,,,,,KSI190000232
,,,,BDG060,Оператор по обслуживанию пылегазоулавливающих установок,,Постановление Госстандарта РФ от 26.12.1994 N 367,,15860,,,,KSI190000233
,,,,BDG070,Оператор теплового пункта,,Постановление Госстандарта РФ от 26.12.1994 N 367,,16067,,,,KSI190000234
,,BDH,,,Тракторист,,Постановление Госстандарта РФ от 26.12.1994 N 367,,19203,,,,KSI190000235
,,BDJ,,,Транспортерщик,,Постановление Госстандарта РФ от 26.12.1994 N 367,,19213,,,,KSI190000236
,BE,,,,Монтажник,,"Постановление Госстандарта РФ от 26.12.1994 N 367

Единый тарифно-квалификационный справочник работ и профессий рабочих",По специализации,14544,,,,KSI190000237
,,BEA,,,Монтажник гидроагрегатов,,Постановление Госстандарта РФ от 26.12.1994 N 367,,14554,,,,KSI190000238
,,BEB,,,Монтажник дробильно-размольного оборудования и оборудования для сортировки и обогащения,,Постановление Госстандарта РФ от 26.12.1994 N 367,,14558,,,,KSI190000239
,,BEC,,,Монтажник микропроцессорной и волоконно-оптической техники,,Приказ Минздравсоцразвития РФ от 06.04.2007 N 243,,,,,,KSI190000240
,,BED,,,Монтажник наружных трубопроводов,,Постановление Госстандарта РФ от 26.12.1994 N 367,,14571,,,,KSI190000241
,,BEE,,,Монтажник оборудования атомных электрических станций,,Постановление Госстандарта РФ от 26.12.1994 N 367,,14575,,,,KSI190000242
,,BEF,,,Монтажник оборудования блокировки и централизации,,Постановление Госстандарта РФ от 26.12.1994 N 367,,14577,,,,KSI190000243
,,BEG,,,Монтажник оборудования коксохимических производств,,Постановление Госстандарта РФ от 26.12.1994 N 367,,14582,,,,KSI190000244
,,BEH,,,Монтажник оборудования металлургических заводов,,Постановление Госстандарта РФ от 26.12.1994 N 367,,14587,,,,KSI190000245
,,BEJ,,,Монтажник оборудования связи,,Постановление Госстандарта РФ от 26.12.1994 N 367,,14601,,,,KSI190000246
,,BEK,,,Монтажник оборудования сортировочных горок,,Постановление Госстандарта РФ от 26.12.1994 N 367,,14603,,,,KSI190000247
,,BEL,,,Монтажник по монтажу стальных и железобетонных конструкций,,Постановление Госстандарта РФ от 26.12.1994 N 367,,14612,,,,KSI190000248
,,BEM,,,"Монтажник приборов и аппаратуры автоматического контроля, регулирования и управления",,Постановление Госстандарта РФ от 26.12.1994 N 367,,14614,,,,KSI190000249
,,BEN,,,Монтажник санитарно-технических систем и оборудования,,Постановление Госстандарта РФ от 26.12.1994 N 367,,14622,,,,KSI190000250
,,BEP,,,Монтажник связи,,Постановление Госстандарта РФ от 26.12.1994 N 367,,"14601
14624
14626
14627
14629",,,,KSI190000251
,,,,BEP010,Монтажник связи - антеннщик,,Постановление Госстандарта РФ от 26.12.1994 N 367,,14624,,,,KSI190000252
,,,,BEP020,Монтажник связи - кабельщик,,Постановление Госстандарта РФ от 26.12.1994 N 367,,14626,,,,KSI190000253
,,,,BEP030,Монтажник связи - линейщик,,Постановление Госстандарта РФ от 26.12.1994 N 367,,14627,,,,KSI190000254
,,,,BEP040,Монтажник связи - спайщик,,Постановление Госстандарта РФ от 26.12.1994 N 367,,14629,,,,KSI190000255
,,BEQ,,,Монтажник сельскохозяйственного оборудования,,Постановление Госстандарта РФ от 26.12.1994 N 367,,14633,,,,KSI190000256
,,BER,,,"Монтажник систем вентиляции, кондиционирования воздуха, пневмотранспорта и аспирации",,Постановление Госстандарта РФ от 26.12.1994 N 367,,14635,,,,KSI190000257
,,BES,,,Монтажник строительных машин и механизмов,,Постановление Госстандарта РФ от 26.12.1994 N 367,,14637,,,,KSI190000258
,,BET,,,Монтажник технологического оборудования и связанных с ним конструкций,,Постановление Госстандарта РФ от 26.12.1994 N 367,,14642,,,,KSI190000259
,,BEU,,,Монтажник технологических трубопроводов,,Постановление Госстандарта РФ от 26.12.1994 N 367,,14641,,,,KSI190000260
,,BEV,,,Монтажник турбоустановок,,Единый тарифно-квалификационный справочник работ и профессий рабочих,,,,,,KSI190000261
,,BEW,,,Монтажник шахтного оборудования на поверхности,,Постановление Госстандарта РФ от 26.12.1994 N 367,,14652,,,,KSI190000262
,,BEX,,,Монтажник электрических подъемников (лифтов),,Постановление Госстандарта РФ от 26.12.1994 N 367,,14656,,,,KSI190000263
,,BEY,,,Монтажник горного оборудования,,Постановление Госстандарта РФ от 26.12.1994 N 367,,14556,,,,KSI190000264
,BF,,,,Рабочий такелажных работ,,,По специализации,,,,,KSI190000265
,,BFA,,,Такелажник,,Постановление Госстандарта РФ от 26.12.1994 N 367,,19081,,,,KSI190000266
,,,,BFA010,Такелажник на монтаже,,Постановление Госстандарта РФ от 26.12.1994 N 367,,19083,,,,KSI190000267
,,BFB,,,Транспортировщик,,Постановление Госстандарта РФ от 26.12.1994 N 367,,19217,,,,KSI190000268
,,BFC,,,Стропальщик,,Постановление Госстандарта РФ от 26.12.1994 N 367,,18897,,,,KSI190000269
,BG,,,,Арматурщик,,"Постановление Госстандарта РФ от 26.12.1994 N 367

Единый тарифно-квалификационный справочник работ и профессий рабочих",,11122,,,,KSI190000270
,BH,,,,Рабочий отделочных работ,,,По специализации,,,,,KSI190000271
,,BHA,,,Камнетес,,Постановление Госстандарта РФ от 26.12.1994 N 367,,12690,,,,KSI190000272
,,BHB,,,Стекольщик,,Постановление Госстандарта РФ от 26.12.1994 N 367,, 18859,,,,KSI190000273
,,BHC,,,Штукатур,,Постановление Госстандарта РФ от 26.12.1994 N 367,,19727,,,,KSI190000274
,,BHD,,,Пескоструйщик,,Постановление Госстандарта РФ от 26.12.1994 N 367,,36541,,,,KSI190000275
,,BHE,,,Паркетчик,,Постановление Госстандарта РФ от 26.12.1994 N 367,, 16445,,,,KSI190000276
,,BHF,,,Облицовщик,,Единый тарифно-квалификационный справочник работ и профессий рабочих,,,,,,KSI190000277
,,,,BHF010,Облицовщик-мозаичник,,Постановление Госстандарта РФ от 26.12.1994 N 367,,15214,,,,KSI190000278
,,,,BHF020,Облицовщик-мраморщик,,Постановление Госстандарта РФ от 26.12.1994 N 367,,15216,,,,KSI190000279
,,,,BHF030,Облицовщик-плиточник,,Постановление Госстандарта РФ от 26.12.1994 N 367,,15220,,,,KSI190000280
,,,,BHF040,Облицовщик-полировщик,,Постановление Госстандарта РФ от 26.12.1994 N 367,,15222,,,,KSI190000281
,,,,BHF050,Облицовщик синтетическими материалами,,Постановление Госстандарта РФ от 26.12.1994 N 367,,15224,,,,KSI190000282
,,BHG,,,Модельщик архитектурных деталей,,Постановление Госстандарта РФ от 26.12.1994 N 367,,14480,,,,KSI190000283
,,BHH,,,Лепщик архитектурных деталей,,Постановление Госстандарта РФ от 26.12.1994 N 367,,13370,,,,KSI190000284
,,BHJ,,,Маляр,,Постановление Госстандарта РФ от 26.12.1994 N 367,,13450,,,,KSI190000285
,,,,BHJ010,Маляр строительный,,"Единый тарифно-квалификационный справочник работ и профессий рабочих
Приказ Минздравсоцразвития РФ от 06.04.2007 N 243
Приказ Минтруда России от 22.07.2020 N 443н",,,,,,KSI190000286
,BJ,,,,"Рабочий по устройству защиты строительных конструкций, зданий, сооружений и технологического оборудования",,Единый тарифно-квалификационный справочник работ и профессий рабочих,По специализации,,,,,KSI190000287
,,BJA,,,Кислотоупорщик,,"Единый тарифно-квалификационный справочник работ и профессий рабочих
Приказ Минздравсоцразвития РФ от 06.04.2007 N 243 ",,,,,,KSI190000288
,,,,BJA010,Футеровщик (кислотоупорщик),,Постановление Госстандарта РФ от 26.12.1994 N 367,,19496,,,,KSI190000289
,,,,BJA020,Кислотоупорщик-гуммировщик,,Постановление Госстандарта РФ от 26.12.1994 N 367,,12753,,,,KSI190000290
,,,,BJA030,Кислотоупорщик-винипластчик,,Постановление Госстандарта РФ от 26.12.1994 N 367,,12751,,,,KSI190000291
,,BJB,,,Пропитчик по огнезащитной пропитке,,Постановление Госстандарта РФ от 26.12.1994 N 367,,17436,,,,KSI190000292
,,BJC,,,Изолировщик,,Постановление Госстандарта РФ от 26.12.1994 N 367,,12520,,,,KSI190000293
,,,,BJC020,Изолировщик на гидроизоляции,,Постановление Госстандарта РФ от 26.12.1994 N 367,,12529,,,,KSI190000294
,,,,BJC030,Изолировщик на термоизоляции,,Постановление Госстандарта РФ от 26.12.1994 N 367,,12531,,,,KSI190000295
,,,,BJC040,Изолировщик-пленочник,,Постановление Госстандарта РФ от 26.12.1994 N 367,,12533,,,,KSI190000296
,,BJD,,,Огнеупорщик,,Постановление Госстандарта РФ от 26.12.1994 N 367,,15416,,,,KSI190000297
,,BJE,,,Кровельщик,,"Единый тарифно-квалификационный справочник работ и профессий рабочих
Приказ Минздравсоцразвития РФ от 06.04.2007 N 243
 Приказ Минтруда России от 31.10.2014 N 860н
Постановление Госстандарта РФ от 26.12.1994 N 367",,,,,,KSI190000298
,,,,BJE010,Кровельщик по рулонным кровлям и по кровлям из штучных материалов,,Постановление Госстандарта РФ от 26.12.1994 N 367,,13201,,,,KSI190000299
,,,,BJE020,Кровельщик по стальным кровлям,,Постановление Госстандарта РФ от 26.12.1994 N 367,,13203,,,,KSI190000300
,BK,,,,Рабочий сварочного производства,,"Единый тарифно-квалификационный справочник работ и профессий рабочих
",По специализации,,,,,KSI190000301
,,BKA,,,Оператор-термист на передвижных термических установках,,Постановление Госстандарта РФ от 26.12.1994 N 367,,16071,,,,KSI190000302
,,BKB,,,Газорезчик,,Постановление Госстандарта РФ от 26.12.1994 N 367,,11618,,,,KSI190000303
,,BKC,,,Сварщик,,"Единый тарифно-квалификационный справочник работ и профессий рабочих
Приказ Минтруда России от 28.11.2013 N 701н",,,,,,KSI190000304
,,,,BKC010,Газосварщик,,Постановление Госстандарта РФ от 26.12.1994 N 367,,11620,,,,KSI190000305
,,,,BKC020,Электрогазосварщик,,Постановление Госстандарта РФ от 26.12.1994 N 367,,19756,,,,KSI190000306
,,,,BKC030,Электросварщик ручной сварки,,Постановление Госстандарта РФ от 26.12.1994 N 367,,19906,,,,KSI190000307
,,,,BKC040,Сварщик на машинах контактной (прессовой) сварки,,Постановление Госстандарта РФ от 26.12.1994 N 367,,18338,,,,KSI190000308
,,BKD,,,Контролер сварочных работ,,Постановление Госстандарта РФ от 26.12.1994 N 367,,13057,,,,KSI190000309
,,BKE,,,Паяльщик по свинцу (свинцовопаяльщик),,Постановление Госстандарта РФ от 26.12.1994 N 367,,16462,,,,KSI190000310
,BL,,,,Кессонщик,,Постановление Госстандарта РФ от 26.12.1994 N 367,По специализации,"12736
12738
12740
12741",,,,KSI190000311
,,BLA,,,Кессонщик-аппаратчик,,Постановление Госстандарта РФ от 26.12.1994 N 367,,12736,,,,KSI190000312
,,BLB,,,Кессонщик-проходчик,,Постановление Госстандарта РФ от 26.12.1994 N 367,,12738,,,,KSI190000313
,,BLC,,,Кессонщик-слесарь,,Постановление Госстандарта РФ от 26.12.1994 N 367,,12740,,,,KSI190000314
,,BLD,,,Кессонщик-электромонтажник,,Постановление Госстандарта РФ от 26.12.1994 N 367,,12741,,,,KSI190000315
,BM,,,,Плотник,,Постановление Госстандарта РФ от 26.12.1994 N 367,,16671,,,,KSI190000316
,BN,,,,Рабочий занятый на электромонтажных работах,,Единый тарифно-квалификационный справочник работ и профессий рабочих,По специализации,,,,,KSI190000317
,,BNA,,,Электромонтер,,Единый тарифно-квалификационный справочник работ и профессий рабочих,,,,,,KSI190000318
,,,,BNA010,Электромонтер диспетчерского оборудования и телеавтоматики,,Постановление Госстандарта РФ от 26.12.1994 N 367,,19821,,,,KSI190000319
,,,,BNA020,Электромонтер по обслуживанию электрооборудования,,Постановление Госстандарта РФ от 26.12.1994 N 367,,19848,,,,KSI190000320
,,,,BNA030,Электромонтер по ремонту и обслуживанию электрооборудования,,Постановление Госстандарта РФ от 26.12.1994 N 367,,19861,,,,KSI190000321
,,,,BNA040,Электромонтер по ремонту электрооборудования,,Единый тарифно-квалификационный справочник работ и профессий рабочих,,,,,,KSI190000322
,,BNB,,,Электромонтажник,,Единый тарифно-квалификационный справочник работ и профессий рабочих,,,,,,KSI190000323
,,,,BNB010,Электромонтажник-наладчик,,Постановление Госстандарта РФ от 26.12.1994 N 367,,19798,,,,KSI190000324
,,,,BNB020,Электромонтажник по аккумуляторным батареям,,Постановление Госстандарта РФ от 26.12.1994 N 367,,19800,,,,KSI190000325
,,,,BNB030,Электромонтажник по кабельным сетям,,Постановление Госстандарта РФ от 26.12.1994 N 367,,19804,,,,KSI190000326
,,,,BNB040,Электромонтажник по освещению и осветительным сетям,,Постановление Госстандарта РФ от 26.12.1994 N 367,,19806,,,,KSI190000327
,,,,BNB050,Электромонтажник по распределительным устройствам и вторичным цепям,,Постановление Госстандарта РФ от 26.12.1994 N 367,,19802,,,,KSI190000328
,,,,BNB060,"Электромонтажник по сигнализации, централизации и блокировке",,Постановление Госстандарта РФ от 26.12.1994 N 367,,19890,,,,KSI190000329
,,,,BNB070,Электромонтажник по силовым сетям и электрооборудованию,,Постановление Госстандарта РФ от 26.12.1994 N 367,,19812,,,,KSI190000330
,,,,BNB080,Электромонтажник по электрическим машинам,,Постановление Госстандарта РФ от 26.12.1994 N 367,,19814,,,,KSI190000331
,,,,BNB090,Электромонтер-линейщик по монтажу воздушных линий высокого напряжения и контактной сети,,Постановление Госстандарта РФ от 26.12.1994 N 367,,19829,,,,KSI190000332
,BP,,,,Электромеханик,,Единый тарифно-квалификационный справочник работ и профессий рабочих,По специализации,,,,,KSI190000333
,,BPA,,,Электромеханик по лифтам,,Постановление Госстандарта РФ от 26.12.1994 N 367,,19778,,,,KSI190000334
,,BPB,,,Электромеханик по эксплуатации и обслуживанию подъемных платформ для инвалидов,,"Единый тарифно-квалификационный справочник работ и профессий рабочих
Приказ Минтруда России от 23.08.2018 N 548н",,,,,,KSI190000335
,,BPC,,,"Электромеханик по эксплуатации, техническому обслуживанию и ремонту эскалаторов и пассажирских конвейеров",,"Единый тарифно-квалификационный справочник работ и профессий рабочих
Приказ Минтруда России от 26.12.2014 N 1160н",,,,,,KSI190000336
,BQ,,,,Рабочий дорожного строительства,,,По специализации,,,,,KSI190000337
,,BQA,,,Асфальтобетонщик ,,Постановление Госстандарта РФ от 26.12.1994 N 367,,11140,,,,KSI190000338
,,BQB,,,Асфальтобетонщик-варильщик,,Постановление Госстандарта РФ от 26.12.1994 N 367,,11141,,,,KSI190000339
,,BQC,,,Дорожный рабочий,,Постановление Госстандарта РФ от 26.12.1994 N 367,,11889,,,,KSI190000340
,,BQD,,,Мостовщик,,Постановление Госстандарта РФ от 26.12.1994 N 367,,14703,,,,KSI190000341
,BR,,,,Слесарь,,,По специализации,,,,,KSI190000342
,,BRA,,,"Слесарь по изготовлению деталей и узлов систем вентиляции, кондиционирования воздуха, пневмотранспорта и аспирации",,Постановление Госстандарта РФ от 26.12.1994 N 367,,18483,,,,KSI190000343
,,BRB,,,Слесарь по изготовлению узлов и деталей санитарно-технических систем,,Постановление Госстандарта РФ от 26.12.1994 N 367,,18489,,,,KSI190000344
,,BRC,,,Слесарь по изготовлению узлов и деталей технологических трубопроводов,,Постановление Госстандарта РФ от 26.12.1994 N 367,,18492,,,,KSI190000345
,,BRD,,,Слесарь строительный,,Постановление Госстандарта РФ от 26.12.1994 N 367,,18576,,,,KSI190000346
,,BRE,,,Электрослесарь строительный,,Постановление Госстандарта РФ от 26.12.1994 N 367,,19933,,,,KSI190000347
,,BRF,,,Электрослесарь на проходке,,Постановление Госстандарта РФ от 26.12.1994 N 367,,19914,,,,KSI190000348
,,BRG,,,Электрослесарь-монтажник подземного горнопроходческого оборудования,,Постановление Госстандарта РФ от 26.12.1994 N 367,,19912,,,,KSI190000349
,BS,,,,Наладчик,,,По специализации,,,,,KSI190000350
,,BSA,,,"Наладчик приборов, аппаратуры и систем автоматического контроля, регулирования и управления (Наладчик КИП и автоматики)",,Постановление Госстандарта РФ от 26.12.1994 N 367,,14977,,,,KSI190000351
,,BSB,,,Наладчик строительных машин,,Постановление Госстандарта РФ от 26.12.1994 N 367,,14993,,,,KSI190000352
,,BSC,,,Наладчик сварочного и газоплазморезательного оборудования,,Постановление Госстандарта РФ от 26.12.1994 N 367,,14985,,,,KSI190000353
,BT,,,,Речной рабочий,,Постановление Госстандарта РФ от 26.12.1994 N 367,По специализации,"18074
18075",,,,KSI190000354
,,BTA,,,"Речной рабочий на подводно-технических, габионных и фашинных работах, выполняемых с поверхности",,Постановление Госстандарта РФ от 26.12.1994 N 367,,18074,,,,KSI190000355
,,BTB,,,Речной рабочий на эксплуатации и обслуживании несамоходных плавучих снарядов и других плавучих средств,,Постановление Госстандарта РФ от 26.12.1994 N 367,,18075,,,,KSI190000356
,BU,,,,Трубоклад,,Постановление Госстандарта РФ от 26.12.1994 N 367,По специализации,"19233
19234",,,,KSI190000357
,,BUA,,,Трубоклад промышленных железобетонных труб,,Постановление Госстандарта РФ от 26.12.1994 N 367,,19233,,,,KSI190000358
,,BUB,,,Трубоклад промышленных кирпичных труб,,Постановление Госстандарта РФ от 26.12.1994 N 367,,19234,,,,KSI190000359
,BV,,,,"Комплектовщик строительных материалов, изделий и оборудования",,"Единый тарифно-квалификационный справочник работ и профессий рабочих
Приказ Минздравсоцразвития РФ от 06.04.2007 N 243",,,,,,KSI190000360
,BW,,,,Рабочий по комплексному обслуживанию и ремонту зданий,,Постановление Госстандарта РФ от 26.12.1994 N 367,,17544,,,,KSI190000361
,BX,,,,Промышленный альпинист,,Постановление Госстандарта РФ от 26.12.1994 N 367,,17412,,,,KSI190000362
,BY,,,,Столяр,,Постановление Госстандарта РФ от 26.12.1994 N 367,По специализации,18874,,,,KSI190000363
,,BYA,,,Столяр строительный,,Постановление Госстандарта РФ от 26.12.1994 N 367,,18880,,,,KSI190000364
,BZ,,,,Подсобный рабочий,,Постановление Госстандарта РФ от 26.12.1994 N 367,,16771,,,,KSI190000365
C,,,,,Роли,,,По виду участника градостроительных отношений,,,,,KSI190000366
,CA,,,,Застройщик,,Градостроительный кодекс Российской Федерации от 29.12.2004 № 190-ФЗ,,,,,,KSI190000367
,CB,,,,Технический заказчик,,Градостроительный кодекс Российской Федерации от 29.12.2004 № 190-ФЗ,,,,,,KSI190000368
,CC,,,,Инвестор,,Градостроительный кодекс Российской Федерации от 29.12.2004 № 190-ФЗ,,,,,,KSI190000369
,CD,,,,Кредитная организация,,Федеральный закон от 02.12.1990 N 395-1,По виду организации,,,,,KSI190000370
,,CDA,,,Банк,,Федеральный закон от 02.12.1990 N 395-1,,,,,,KSI190000371
,,CDB,,,Небанковская кредитная организация,,Федеральный закон от 02.12.1990 N 395-1,,,,,,KSI190000372
,CE,,,,Саморегулируемая организация,,Градостроительный кодекс Российской Федерации от 29.12.2004 № 190-ФЗ,,,,,,KSI190000373
,CF,,,,Проектировщик,,МДС 80-16.2000,,,,,,KSI190000374
,CG,,,,Субъект градостроительных отношений,,Градостроительный кодекс Российской Федерации от 29.12.2004 № 190-ФЗ,По уровню субъекта,,,,,KSI190000375
,,CGD,,,Физическое лицо,,Гражданский кодекс Российской Федерации (часть первая) от 30.11.1994 № 51-ФЗ,,,,,,KSI190000376
,,CGE,,,Юридическое лицо,,Гражданский кодекс Российской Федерации (часть первая) от 30.11.1994 № 51-ФЗ,,,,,,KSI190000377
,CH,,,,Орган строительного надзора,,Градостроительный кодекс Российской Федерации от 29.12.2004 № 190-ФЗ,,,,,,KSI190000378
,,,,CH010,Орган федерального государственного строительного надзора,,Градостроительный кодекс Российской Федерации от 29.12.2004 № 190-ФЗ,,,,,,KSI190000379
,,,,CH020,Орган государственного строительного надзора,,Градостроительный кодекс Российской Федерации от 29.12.2004 № 190-ФЗ,,,,,,KSI190000380
,CJ,,,,Орган экспертизы,,Постановление Правительства РФ от 05.03.2007 N 145,,,,,,KSI190000381
,,,,CJ010,Орган государственной экспертизы,,Постановление Правительства РФ от 05.03.2007 N 145,,,,,,KSI190000382
,,,,CJ020,Орган негосударственной экспертизы,,Постановление Правительства РФ от 31.05.2022 N 994,,,,,,KSI190000383
,CK,,,,"Лицо, осуществляющее строительный контроль",,Градостроительный кодекс Российской Федерации от 29.12.2004 № 190-ФЗ,,,,,,KSI190000384
,CL,,,,Генеральный подрядчик,,Гражданский кодекс Российской Федерации (часть вторая) от 26.01.1996 № 14-ФЗ,,,,,,KSI190000385
,CM,,,,Субподрядчик,,Гражданский кодекс Российской Федерации (часть вторая) от 26.01.1996 № 14-ФЗ,,,,,,KSI190000386
,CN,,,,Региональный оператор,,Федеральный закон от 24.06.1998 № 89-ФЗ ,,,,,,KSI190000387
,CP,,,,Производитель,"Человек или организация, изготовляющие материалы, продукцию, компоненты или другие товары вне строительной площадки",ГОСТ Р ИСО 6707-1-2020,,,,,,KSI190000388
,CQ,,,,Изготовитель,,Закон РФ от 07.02.1992 N 2300-1,,,,,,KSI190000389
,CR,,,,Поставщик,,Федеральный закон от 05.04.2013 № 44-ФЗ ,,,,,,KSI190000390
D,,,,,Органы власти,,,,,,,,KSI190000391
,DL,,,,Федеральные органы исполнительной власти,,,,,,,,KSI190000392
,,,,DL010,Российская Федерация,,Конституция Российской Федерации от 12.12.1993,,,,,,KSI190000393
,,,,DL020,Президент Российской Федерации,,Конституция Российской Федерации от 12.12.1993,,,,,,KSI190000394
,,,,DL030,Государственная Дума Федерального Собрания Российской Федерации,,Конституция Российской Федерации от 12.12.1993,,,,,,KSI190000395
,,,,DL040,Совет Федерации Федерального Собрания Российской Федерации,,Конституция Российской Федерации от 12.12.1993,,,,,,KSI190000396
,,,,DL050,Правительство Российской Федерации,,Федеральный конституционный закон от 06.11.2020 N 4-ФКЗ,,,,,,KSI190000397
,,,,DL060,"Федеральные министерства, подведомственные им агентства, службы, надзоры",,Указ Президента РФ от 21.01.2020 N 21,,,,,,KSI190000398
,,,,DL070,Федеральные службы и агентства,,Указ Президента РФ от 21.01.2020 N 21,,,,,,KSI190000399
,,,,DL080,"Государственные корпорации, являющиеся уполномоченными органами управления в отдельных отраслях",,Указ Президента РФ от 21.01.2020 N 21,,,,,,KSI190000400
,,,,DL090,Государственные внебюджетные фонды,,Указ Президента РФ от 21.01.2020 N 21,,,,,,KSI190000401
,,,,DL100,Законодательный (представительный) орган государственной власти субъекта Российской Федерации,,Федеральный закон от 21.12.2021 N 414-ФЗ,,,,,,KSI190000402
,DM,,,,Органы местного самоуправления,,,,,,,,KSI190000403
,,,,DM010,Высший исполнительный орган субъекта Российской Федерации,,Федеральный закон от 21.12.2021 N 414-ФЗ,,,,,,KSI190000404
,,,,DM020,Органы исполнительной власти субъекта Российской Федерации,,Федеральный закон от 21.12.2021 N 414-ФЗ,,,,,,KSI190000405
,,,,DM030,Представительный орган муниципального образования,,Федеральный закон от 21.12.2021 N 414-ФЗ,,,,,,KSI190000406
,,,,DM040,Глава муниципального образования,,Федеральный закон от 06.10.2003 № 131-ФЗ,,,,,,KSI190000407
,,,,DM050,Местная администрация (исполнительно-распорядительный орган муниципального образования),,Федеральный закон от 06.10.2003 № 131-ФЗ,,,,,,KSI190000408
,,,,DM060,Иные органы местного самоуправления,,Федеральный закон от 06.10.2003 № 131-ФЗ,,,,,,KSI190000409
E,,,,,Коммерческая организация,,Гражданский кодекс Российской Федерации (часть первая) от 30.11.1994 № 51-ФЗ ,По виду коммерческого объединения,,,,,KSI190000410
,EA,,,,Потребительский кооператив,,Гражданский кодекс Российской Федерации (часть первая) от 30.11.1994 № 51-ФЗ,,,,,,KSI190000411
,,,,EA010,Жилищный кооператив,,Жилищный кодекс Российской Федерации от 29.12.2004 № 188-ФЗ,,,,,,KSI190000412
,,,,EA020,Жилищно-строительный кооператив,,Жилищный кодекс Российской Федерации от 29.12.2004 № 188-ФЗ,,,,,,KSI190000413
,EB,,,,Ассоциация,,Гражданский кодекс Российской Федерации (часть первая) от 30.11.1994 № 51-ФЗ,,,,,,KSI190000414
,EC,,,,Товарищество собственников недвижимости,,Гражданский кодекс Российской Федерации (часть первая) от 30.11.1994 № 51-ФЗ,,,,,,KSI190000415
,ED,,,,Общество с ограниченной ответственностью,,"Федеральный закон от 08.02.1998
№ 14-ФЗ",,,,,,KSI190000416
,EE,,,,Акционерное общество,,"Федеральный закон от 26.12.1995
№ 208-ФЗ",,,,,,KSI190000417
,,,,EE010,Публичное акционерное общество (ПАО),,Гражданский кодекс Российской Федерации (часть первая) от 30.11.1994 № 51-ФЗ,,,,,,KSI190000418
,EF,,,,Производственный кооператив (артель),,"Федеральный закон от 08.05.1996
№ 41-ФЗ 
",,,,,,KSI190000419
,EG,,,,Корпорация,,Гражданский кодекс Российской Федерации (часть первая) от 30.11.1994 № 51-ФЗ,,,,,,KSI190000420
,EH,,,,Союз,,Гражданский кодекс Российской Федерации (часть первая) от 30.11.1994 № 51-ФЗ,,,,,,KSI190000421
F,,,,,Унитарное предприятие,,Федеральный закон от 14.11.2002 № 161-ФЗ,,,,,,KSI190000422
,,,,F010,Федеральное государственное унитарное предприятие,,Федеральный закон от 14.11.2002 № 161-ФЗ,,,,,,KSI190000423
,,,,F020,Государственное унитарное предприятие,,Федеральный закон от 14.11.2002 № 161-ФЗ,,,,,,KSI190000424
,,,,F030,Муниципальное унитарное предприятие,,Федеральный закон от 14.11.2002 № 161-ФЗ,,,,,,KSI190000425
,,,,F040,Федеральное казенное предприятие,,Федеральный закон от 14.11.2002 № 161-ФЗ,,,,,,KSI190000426
,,,,F050,Казенное предприятие субъекта Российской Федерации,,Федеральный закон от 14.11.2002 № 161-ФЗ,,,,,,KSI190000427
,,,,F060,Муниципальное казенное предприятие,,Федеральный закон от 14.11.2002 № 161-ФЗ,,,,,,KSI190000428
G,,,,,Индивидуальный предприниматель,,Гражданский кодекс Российской Федерации (часть первая) от 30.11.1994 № 51-ФЗ,,,,,,KSI190000429
H,,,,,Структурное подразделение,,,,,,,,KSI190000430
,HA,,,,Департамент организации,,Организация и управление в строительстве. Основные понятия и термины. Учебно-справочное пособие,,,,,,KSI190000431
,HB,,,,Управление организации,,Организация и управление в строительстве. Основные понятия и термины. Учебно-справочное пособие,,,,,,KSI190000432
,HC,,,,Служба организации,,Организация и управление в строительстве. Основные понятия и термины. Учебно-справочное пособие,,,,,,KSI190000433
,,HCA,,,Подсобно-вспомогательная служба,,СП 18.13330.2019,,,,,,KSI190000434
,HD,,,,Администрация организации,,Организация и управление в строительстве. Основные понятия и термины. Учебно-справочное пособие,,,,,,KSI190000435
,HE,,,,Совет организации,,Организация и управление в строительстве. Основные понятия и термины. Учебно-справочное пособие,,,,,,KSI190000436
,HF,,,,Отдел,,Организация и управление в строительстве. Основные понятия и термины. Учебно-справочное пособие,,,,,,KSI190000437
,HG,,,,Бюро,,Постановление Минтруда России от 21.08.1998 N 37,,,,,,KSI190000438
,HH,,,,Группа,,Постановление Минтруда России от 21.08.1998 N 37,,,,,,KSI190000439
,HJ,,,,Сектор,,Постановление Минтруда России от 21.08.1998 N 37,,,,,,KSI190000440
,HK,,,,Участок,,СП 59.13330.2020 ,,,,,,KSI190000441
,HL,,,,Бригада,,,,,,,,KSI190000442
,HM,,,,Звено,,,,,,,,KSI190000443